{"input_data": {
    "columns": [
      "Pregnancies",
      "PlasmaGlucose",
      "DiastolicBloodPressure",
      "TricepsThickness",
      "SerumInsulin",
      "BMI",
      "DiabetesPedigree",
      "Age"
    ],
    "data": [
      [2,180,74,24,21,23.9091702,1.488172308,60],
      [0,148,58,11,179,39.19207553,0.160829008,45]
    ],
    "index": [0,1]
  }}